name,place,geometry
Eastland Heights,neighbourhood,POINT (-115.190788 36.191967)
Bonanza Village,neighbourhood,POINT (-115.165279 36.183025)
East Las Vegas,neighbourhood,POINT (-115.04194 36.094419)
Green Valley,suburb,POINT (-115.082438 36.049033)
Midtown UNLV,suburb,POINT (-115.136972 36.105222)
The Lakes,neighbourhood,POINT (-115.297381 36.13758)
Canyon Gate,neighbourhood,POINT (-115.285198 36.148846)
Peccole Ranch,neighbourhood,POINT (-115.304235 36.150937)
The Willows,neighbourhood,POINT (-115.320706 36.136656)
Queensridge,neighbourhood,POINT (-115.302681 36.161121)
Twin Lakes,suburb,POINT (-115.186236 36.179195)
Inner Northwest,suburb,POINT (-115.247664 36.189735)
Desert Shores,suburb,POINT (-115.269504 36.207819)
Summerlin,suburb,POINT (-115.301925 36.191319)
Tule Springs,suburb,POINT (-115.225988 36.309025)
Centennial Hills,suburb,POINT (-115.264443 36.271664)
Chinatown,suburb,POINT (-115.195989 36.125976)
The Pueblo,neighbourhood,POINT (-115.269818 36.193856)
Cultural Corridor,suburb,POINT (-115.1206 36.181204)
John S. Park,neighbourhood,POINT (-115.143088 36.155352)
18b: The Las Vegas Arts District,neighbourhood,POINT (-115.151279 36.15953)
Calico Ridge,neighbourhood,POINT (-114.950406 36.081107)
Lake Las Vegas,suburb,POINT (-114.931574 36.102263)
Foothills,suburb,POINT (-114.949043 36.050286)
Tuscany Residential Village,neighbourhood,POINT (-114.972675 36.080446)
Water Street District,neighbourhood,POINT (-114.983084 36.032427)
Green Valley Ranch,suburb,POINT (-115.08355 36.020461)
Sierra Vista City,neighbourhood,POINT (-115.00654 36.060574)
Sierra Vista Addition,neighbourhood,POINT (-115.002871 36.060488)
Midway City,neighbourhood,POINT (-115.004888 36.065587)
The Canyons,neighbourhood,POINT (-115.309312 36.176293)
The Hills,neighbourhood,POINT (-115.292514 36.203625)
The Gardens,neighbourhood,POINT (-115.322036 36.124765)
The Trails,neighbourhood,POINT (-115.312685 36.198222)
The Hills South,neighbourhood,POINT (-115.295336 36.187049)
Mission Hills,suburb,POINT (-114.968005 35.995318)
Sun City MacDonald Ranch,neighbourhood,POINT (-115.076444 36.006323)
MacDonald Highlands,neighbourhood,POINT (-115.044586 36.007726)
Whitney Ranch,suburb,POINT (-115.048589 36.064964)
Buffalo Ranch,neighbourhood,POINT (-115.266553 36.105499)
Spanish Hills,neighbourhood,POINT (-115.28347 36.096402)
Silverado Ranch,suburb,POINT (-115.136732 36.013264)
Flamingo Heights,suburb,POINT (-115.216484 36.114984)
Iron Mountain Ranch,neighbourhood,POINT (-115.215898 36.31947)
Lone Mountain,suburb,POINT (-115.313954 36.232298)
Ascaya,neighbourhood,POINT (-115.057438 35.992669)
Aliante,suburb,POINT (-115.183783 36.292664)
East Las Vegas,suburb,POINT (-115.105841 36.173667)
Craig Ranch,suburb,POINT (-115.160661 36.239655)
Sunstone,neighbourhood,POINT (-115.305246 36.327614)
Cadence,suburb,POINT (-114.974018 36.058187)
Kyle Canyon,suburb,POINT (-115.316367 36.326817)
Southern Hills,suburb,POINT (-115.297809 36.070231)
Heartland,neighbourhood,POINT (-115.166125 36.298244)
Centennial Springs,neighbourhood,POINT (-115.280817 36.297571)
Spring Mountain Ranch,neighbourhood,POINT (-115.29181 36.311727)
Charleston Heights,suburb,POINT (-115.233034 36.166404)
The Arbors,neighbourhood,POINT (-115.333402 36.179543)
The Crossing,neighbourhood,POINT (-115.322357 36.183362)
West Las Vegas,neighbourhood,POINT (-115.160858 36.188474)
Vegas Heights,neighbourhood,POINT (-115.156303 36.199358)
Downtown,suburb,POINT (-115.140669 36.169241)
Rancho Charleston,suburb,POINT (-115.19079 36.151624)
Buffalo,suburb,POINT (-115.243329 36.151621)
Michael Way,suburb,POINT (-115.223854 36.198667)
Pioneer Park,suburb,POINT (-115.259977 36.181387)
Angel Park Lindell,suburb,POINT (-115.273433 36.166399)
Sunrise,suburb,POINT (-115.071326 36.173769)
Huntridge,suburb,POINT (-115.123326 36.151723)
The Lakes,suburb,POINT (-115.297704 36.144413)
Downtown East,suburb,POINT (-115.115817 36.164547)
University Medical Center,suburb,POINT (-115.167902 36.159897)
Meadows Village,suburb,POINT (-115.159327 36.152426)
North Cheyenne,suburb,POINT (-115.225575 36.246419)
Filipino Town,suburb,POINT (-115.137392 36.122168)
West Las Vegas,suburb,"POLYGON ((-115.192464 36.195603, -115.192332 36.195602, -115.192212 36.195606, -115.189901 36.195615, -115.188848 36.195625, -115.188724 36.195626, -115.187921 36.195633, -115.187606 36.195629, -115.187219 36.195632, -115.18678 36.195634, -115.186269 36.195637, -115.183365 36.195653, -115.183222 36.195654, -115.18208 36.195664, -115.181443 36.195669, -115.180545 36.195676, -115.179976 36.195679, -115.178958 36.195682, -115.178842 36.195683, -115.178763 36.195684, -115.178486 36.19569, -115.177731 36.195691, -115.177031 36.195692, -115.176018 36.195698, -115.175087 36.195703, -115.169822 36.195723, -115.169803 36.195719, -115.169131 36.195718, -115.165318 36.195714, -115.165318 36.195882, -115.165319 36.196573, -115.165319 36.197268, -115.165319 36.197954, -115.16532 36.19863, -115.16532 36.199339, -115.16532 36.199726, -115.16532 36.201056, -115.165321 36.201267, -115.165321 36.202094, -115.165321 36.202805, -115.165321 36.202917, -115.165315 36.202971, -115.157724 36.20306, -115.157456 36.203067, -115.156641 36.203075, -115.156261 36.203079, -115.155354 36.20309, -115.154033 36.20311, -115.152904 36.203129, -115.151795 36.203132, -115.1518 36.202602, -115.15181 36.202076, -115.151821 36.201181, -115.151833 36.200267, -115.151846 36.199331, -115.151856 36.198397, -115.151855 36.197492, -115.151849 36.196584, -115.151852 36.196332, -115.151855 36.196075, -115.151857 36.195906, -115.151857 36.195886, -115.151859 36.195687, -115.151732 36.195688, -115.150765 36.195694, -115.14949 36.195702, -115.147574 36.195713, -115.147414 36.195714, -115.147292 36.195715, -115.144034 36.195738, -115.143778 36.195738, -115.142839 36.195749, -115.142851 36.195688, -115.142876 36.195567, -115.142874 36.195451, -115.142884 36.194908, -115.14289 36.194548, -115.142897 36.194133, -115.142899 36.193981, -115.142905 36.193635, -115.142908 36.193442, -115.142908 36.193386, -115.142912 36.193036, -115.142914 36.192915, -115.142915 36.192819, -115.14292 36.192485, -115.142924 36.192074, -115.143042 36.192077, -115.143056 36.190389, -115.143243 36.188365, -115.143363 36.188029, -115.143466 36.187661, -115.143532 36.187381, -115.143569 36.187134, -115.143613 36.186853, -115.143631 36.186573, -115.143656 36.186345, -115.143658 36.184377, -115.143668 36.184208, -115.143687 36.183916, -115.143732 36.183607, -115.143807 36.183243, -115.143924 36.182895, -115.144107 36.182491, -115.144127 36.182452, -115.144248 36.1822, -115.144368 36.18198, -115.14454 36.181698, -115.144674 36.181496, -115.144932 36.181157, -115.145122 36.180952, -115.145324 36.180733, -115.145466 36.180603, -115.145652 36.180435, -115.145874 36.180248, -115.146054 36.18011, -115.146266 36.179957, -115.146422 36.179852, -115.146685 36.179691, -115.147139 36.179438, -115.14754 36.179214, -115.148671 36.178603, -115.149148 36.178342, -115.14957 36.17811, -115.149705 36.178036, -115.149994 36.1779, -115.150315 36.177715, -115.150622 36.17753, -115.150963 36.177326, -115.151186 36.177182, -115.151471 36.177178, -115.151798 36.177173, -115.151965 36.177171, -115.1533 36.177159, -115.155351 36.177143, -115.15565 36.177141, -115.156429 36.177134, -115.156618 36.177134, -115.158581 36.177122, -115.158976 36.177119, -115.159072 36.177118, -115.15966 36.177115, -115.16231 36.177129, -115.162454 36.17713, -115.162999 36.177132, -115.163098 36.177133, -115.163842 36.177137, -115.164018 36.177138, -115.164201 36.177138, -115.164942 36.177142, -115.165539 36.177145, -115.165667 36.177145, -115.166526 36.177149, -115.166667 36.17715, -115.167069 36.177152, -115.16754 36.177152, -115.167913 36.177153, -115.168242 36.177154, -115.168528 36.177155, -115.169054 36.177155, -115.16932 36.177155, -115.16979 36.177156, -115.169822 36.177156, -115.169937 36.177156, -115.170395 36.177156, -115.171046 36.177157, -115.171674 36.177158, -115.172111 36.177158, -115.172869 36.177159, -115.17307 36.177165, -115.173613 36.177182, -115.175801 36.177232, -115.185973 36.188519, -115.1879 36.190607, -115.189186 36.192001, -115.192053 36.195136, -115.192464 36.195603))"
Charleston Heights,suburb,"POLYGON ((-115.262284 36.159097, -115.262283 36.159293, -115.262284 36.1597, -115.262259 36.159928, -115.262193 36.16022, -115.26209 36.160478, -115.262066 36.160582, -115.26197 36.160725, -115.261828 36.160929, -115.261668 36.161087, -115.261536 36.161194, -115.26071 36.161863, -115.260529 36.162027, -115.260322 36.162308, -115.260198 36.162504, -115.26013 36.162645, -115.260056 36.162932, -115.260016 36.163147, -115.259998 36.16336, -115.259961 36.166528, -115.259858 36.175233, -115.259857 36.17653, -115.259875 36.178658, -115.258632 36.178616, -115.255753 36.178224, -115.254573 36.178188, -115.250948 36.178126, -115.248622 36.178147, -115.246289 36.178124, -115.24602 36.178098, -115.245731 36.178059, -115.245461 36.178002, -115.24515 36.177912, -115.244852 36.17779, -115.244564 36.177645, -115.244302 36.17748, -115.244056 36.177281, -115.24379 36.17704, -115.243981 36.177438, -115.244082 36.17764, -115.244184 36.17796, -115.24427 36.178284, -115.244356 36.178659, -115.244414 36.17903, -115.24445 36.179375, -115.244456 36.179652, -115.244464 36.180217, -115.244462 36.180572, -115.244448 36.181264, -115.243982 36.18126, -115.242598 36.181273, -115.242312 36.181264, -115.241053 36.181199, -115.240743 36.181192, -115.239883 36.181169, -115.237731 36.181116, -115.234073 36.181028, -115.233189 36.181008, -115.232032 36.180968, -115.231024 36.180944, -115.229418 36.180903, -115.2279 36.180857, -115.227856 36.180857, -115.227617 36.180852, -115.22687 36.180829, -115.226558 36.180819, -115.226095 36.180809, -115.224971 36.180777, -115.224449 36.180763, -115.223996 36.180757, -115.223841 36.180755, -115.223706 36.180758, -115.223263 36.180769, -115.219893 36.180853, -115.218164 36.180885, -115.217598 36.180895, -115.217494 36.180898, -115.216648 36.180925, -115.216277 36.180933, -115.215052 36.180963, -115.212748 36.180968, -115.211005 36.180963, -115.210141 36.180958, -115.209326 36.180955, -115.208513 36.180955, -115.207699 36.180956, -115.206872 36.180956, -115.206587 36.180956, -115.206369 36.180957, -115.206321 36.18096, -115.20621 36.180957, -115.206096 36.180958, -115.205952 36.173524, -115.206021 36.171511, -115.206029 36.166528, -115.205852 36.159077, -115.22394 36.159192, -115.226426 36.15918, -115.226768 36.159179, -115.230283 36.159164, -115.230521 36.159184, -115.231059 36.159186, -115.231255 36.159173, -115.233764 36.159162, -115.233895 36.159149, -115.234814 36.159144, -115.240237 36.159124, -115.241914 36.159118, -115.243713 36.159121, -115.25159 36.159108, -115.2519 36.159107, -115.252241 36.159104, -115.252981 36.159104, -115.253544 36.159103, -115.254737 36.1591, -115.255062 36.159099, -115.255421 36.159099, -115.256565 36.159098, -115.257722 36.159098, -115.258869 36.159098, -115.260005 36.159098, -115.260378 36.159098, -115.260836 36.159094, -115.262284 36.159097))"
18b: The Las Vegas Arts District,neighbourhood,"POLYGON ((-115.155105 36.156188, -115.155093 36.156309, -115.155021 36.157061, -115.155008 36.157185, -115.154978 36.1575, -115.15494 36.157871, -115.154924 36.158024, -115.154907 36.158191, -115.154893 36.158323, -115.154882 36.158449, -115.154878 36.158776, -115.154879 36.158861, -115.15488 36.158921, -115.154873 36.159005, -115.154837 36.159097, -115.154651 36.159389, -115.154407 36.159761, -115.154256 36.159991, -115.15378 36.160717, -115.15349 36.161158, -115.153372 36.161335, -115.152644 36.162454, -115.152558 36.162419, -115.152165 36.162252, -115.152098 36.162224, -115.15207 36.162212, -115.151946 36.16216, -115.15186 36.162122, -115.151392 36.161916, -115.151292 36.161872, -115.151239 36.161849, -115.150726 36.161628, -115.150259 36.161428, -115.150199 36.161402, -115.150108 36.161363, -115.149581 36.161136, -115.149138 36.160952, -115.14906 36.16092, -115.148993 36.16089, -115.14848 36.160658, -115.148224 36.160549, -115.148026 36.160465, -115.147896 36.16041, -115.14778 36.16036, -115.147343 36.160172, -115.146943 36.16, -115.146918 36.159989, -115.146815 36.159945, -115.146767 36.159924, -115.147461 36.158843, -115.148905 36.158854, -115.148952 36.158779, -115.148996 36.158715, -115.149014 36.158689, -115.149227 36.15838, -115.149314 36.158252, -115.149392 36.158118, -115.149673 36.157692, -115.149779 36.157536, -115.149876 36.15739, -115.149968 36.157251, -115.150064 36.157107, -115.150172 36.156945, -115.150245 36.156836, -115.150566 36.15634, -115.150639 36.156208, -115.150698 36.156071, -115.150772 36.155899, -115.150902 36.155927, -115.151074 36.155966, -115.151134 36.155978, -115.151202 36.155992, -115.151258 36.155995, -115.151327 36.155998, -115.151844 36.156025, -115.152358 36.156048, -115.152484 36.156053, -115.152595 36.156058, -115.15313 36.156082, -115.153639 36.156105, -115.153767 36.156112, -115.1539 36.15612, -115.154398 36.156148, -115.154989 36.156182, -115.155105 36.156188))"
Eastland Heights,suburb,"POLYGON ((-115.206167 36.188206, -115.206016 36.195482, -115.205729 36.195493, -115.205551 36.195502, -115.205136 36.195527, -115.204867 36.195553, -115.20449 36.195616, -115.204204 36.195696, -115.203862 36.195835, -115.20372 36.195913, -115.203586 36.195996, -115.203428 36.196122, -115.203414 36.196133, -115.20325 36.196283, -115.203114 36.196441, -115.203085 36.196475, -115.202976 36.1966, -115.202915 36.19667, -115.202739 36.196867, -115.202678 36.196925, -115.20259 36.197008, -115.20244 36.197119, -115.202284 36.197236, -115.202165 36.197324, -115.199197 36.199094, -115.198823 36.19933, -115.198418 36.199568, -115.197996 36.199804, -115.197618 36.199952, -115.197165 36.20011, -115.196846 36.200196, -115.196678 36.200236, -115.196452 36.199988, -115.195794 36.199264, -115.195575 36.199023, -115.194957 36.198343, -115.194035 36.197331, -115.193888 36.197169, -115.193103 36.196305, -115.192464 36.195603, -115.192053 36.195136, -115.189186 36.192001, -115.1879 36.190607, -115.185973 36.188519, -115.187332 36.188523, -115.189432 36.188471, -115.189432 36.188574, -115.189433 36.188688, -115.189434 36.189093, -115.190188 36.189087, -115.190186 36.189704, -115.190044 36.189706, -115.189686 36.189726, -115.18944 36.189728, -115.189361 36.190026, -115.189474 36.19011, -115.189581 36.190198, -115.190723 36.191425, -115.190826 36.19154, -115.190915 36.191474, -115.191017 36.19141, -115.191663 36.191013, -115.191783 36.190949, -115.191879 36.190911, -115.191971 36.19088, -115.192141 36.190878, -115.192343 36.190905, -115.192454 36.190919, -115.192432 36.193449, -115.19243 36.193814, -115.192987 36.193809, -115.192987 36.193918, -115.192984 36.19425, -115.193553 36.194247, -115.19356 36.193803, -115.194133 36.193798, -115.194132 36.193862, -115.194128 36.194195, -115.19412 36.1947, -115.19469 36.194686, -115.194679 36.195586, -115.195206 36.19558, -115.196356 36.195571, -115.196929 36.195567, -115.197017 36.188345, -115.204839 36.188225, -115.206167 36.188206))"
Twin Lakes,suburb,"POLYGON ((-115.206167 36.188206, -115.204839 36.188225, -115.197017 36.188345, -115.196255 36.18836, -115.193448 36.188403, -115.193463 36.189067, -115.193123 36.189074, -115.193111 36.188408, -115.192802 36.188413, -115.192764 36.188414, -115.192782 36.189072, -115.19267 36.189051, -115.192312 36.189054, -115.192303 36.18892, -115.19207 36.18892, -115.19207 36.188928, -115.191715 36.18893, -115.191703 36.18923, -115.191698 36.189342, -115.191541 36.189345, -115.191548 36.188433, -115.190467 36.18845, -115.189693 36.188463, -115.189432 36.188471, -115.187332 36.188523, -115.185973 36.188519, -115.175801 36.177232, -115.175062 36.176459, -115.174894 36.176282, -115.174599 36.175911, -115.174465 36.175722, -115.17432 36.175512, -115.174201 36.175338, -115.174281 36.175334, -115.17495 36.175254, -115.175272 36.17524, -115.175907 36.17523, -115.179261 36.175279, -115.181875 36.175226, -115.182386 36.17523, -115.182885 36.175255, -115.183288 36.175284, -115.183859 36.175366, -115.184502 36.175478, -115.187471 36.176079, -115.187777 36.176142, -115.188324 36.176225, -115.188817 36.176293, -115.189412 36.176336, -115.189815 36.176361, -115.190236 36.17638, -115.190638 36.176375, -115.190915 36.176366, -115.191212 36.176352, -115.191647 36.176326, -115.192034 36.176297, -115.192451 36.176247, -115.192644 36.17623, -115.193236 36.17613, -115.193769 36.176032, -115.194289 36.175906, -115.194626 36.175821, -115.19499 36.175721, -115.195376 36.175599, -115.195734 36.175477, -115.199814 36.174008, -115.20012 36.173916, -115.200372 36.173842, -115.20064 36.173773, -115.20095 36.173696, -115.201332 36.173627, -115.201697 36.173563, -115.201996 36.173516, -115.202393 36.173471, -115.202736 36.173436, -115.203034 36.173423, -115.203526 36.173408, -115.203785 36.173411, -115.204139 36.17342, -115.205806 36.173515, -115.205952 36.173524, -115.206096 36.180958, -115.206167 36.188206))"
Peccole Ranch,neighbourhood,"POLYGON ((-115.315828 36.158972, -115.314085 36.15895, -115.291413 36.159034, -115.291422 36.157346, -115.291424 36.157276, -115.291446 36.156658, -115.291465 36.156552, -115.291536 36.156171, -115.291705 36.155605, -115.291831 36.155284, -115.292119 36.154746, -115.292374 36.154351, -115.292616 36.154057, -115.292966 36.153659, -115.29519 36.151109, -115.295265 36.151019, -115.295314 36.150966, -115.296108 36.150053, -115.296524 36.149578, -115.296734 36.149319, -115.297015 36.148923, -115.297156 36.148669, -115.297296 36.148395, -115.297408 36.148154, -115.297513 36.147877, -115.297564 36.14771, -115.297639 36.147477, -115.297675 36.1473, -115.297726 36.147055, -115.297751 36.146915, -115.297755 36.146766, -115.297758 36.146472, -115.297704 36.144413, -115.315512 36.144403, -115.31556 36.147145, -115.315566 36.147458, -115.315569 36.147556, -115.31558 36.148212, -115.315593 36.148814, -115.315619 36.149802, -115.315641 36.150608, -115.315642 36.150654, -115.315663 36.151374, -115.315708 36.153599, -115.315751 36.155008, -115.315814 36.157965, -115.315828 36.158972))"
Downtown Las Vegas,suburb,"POLYGON ((-115.160676 36.159037, -115.160741 36.161712, -115.160704 36.162612, -115.160622 36.163503, -115.160543 36.164165, -115.160482 36.164529, -115.160339 36.165132, -115.160174 36.165803, -115.160044 36.16623, -115.159994 36.166391, -115.15975 36.167094, -115.15961 36.167464, -115.159362 36.168032, -115.159073 36.168595, -115.158888 36.168988, -115.158613 36.169496, -115.158449 36.169805, -115.156959 36.171988, -115.156454 36.17264, -115.156185 36.172964, -115.155958 36.173226, -115.15569 36.173518, -115.155476 36.173745, -115.155168 36.174066, -115.154929 36.174295, -115.154755 36.174466, -115.154612 36.174595, -115.154477 36.174708, -115.15426 36.174915, -115.154204 36.174969, -115.154036 36.175121, -115.15388 36.175264, -115.15343 36.175621, -115.153094 36.175896, -115.152861 36.176068, -115.152751 36.176149, -115.15236 36.17642, -115.151714 36.176864, -115.15124 36.177147, -115.151186 36.177182, -115.150963 36.177326, -115.150622 36.17753, -115.150315 36.177715, -115.149994 36.1779, -115.149705 36.178036, -115.14957 36.17811, -115.149148 36.178342, -115.148671 36.178603, -115.14754 36.179214, -115.147139 36.179438, -115.146685 36.179691, -115.146422 36.179852, -115.146266 36.179957, -115.146054 36.18011, -115.145874 36.180248, -115.145652 36.180435, -115.145466 36.180603, -115.145324 36.180733, -115.145122 36.180952, -115.144384 36.18095, -115.143962 36.180986, -115.142916 36.181226, -115.142267 36.181348, -115.141782 36.18138, -115.14126 36.181328, -115.140222 36.181204, -115.139854 36.181144, -115.139658 36.181134, -115.139575 36.18113, -115.139401 36.181135, -115.139133 36.181143, -115.138945 36.181149, -115.138543 36.181158, -115.138068 36.181169, -115.137981 36.181171, -115.137461 36.181178, -115.136934 36.181185, -115.136704 36.181184, -115.135996 36.181174, -115.135675 36.181175, -115.135314 36.181177, -115.13519 36.181176, -115.13504 36.181177, -115.134182 36.181181, -115.133138 36.181186, -115.125092 36.181208, -115.125097 36.179122, -115.12511 36.179031, -115.125124 36.178947, -115.125158 36.178859, -115.125206 36.178779, -115.125267 36.178673, -115.125332 36.17858, -115.125459 36.178484, -115.125634 36.178388, -115.125765 36.178309, -115.125871 36.178271, -115.126007 36.178234, -115.126177 36.178199, -115.126327 36.178186, -115.128974 36.178185, -115.129253 36.178159, -115.129495 36.178099, -115.129733 36.178014, -115.129918 36.177928, -115.130051 36.177824, -115.130244 36.177656, -115.130356 36.177502, -115.130442 36.177355, -115.130534 36.177186, -115.130565 36.177037, -115.130583 36.176902, -115.130566 36.17576, -115.130569 36.174079, -115.130569 36.173983, -115.130577 36.173568, -115.130564 36.17345, -115.130528 36.173308, -115.13046 36.173153, -115.130078 36.172392, -115.129917 36.172019, -115.12987 36.171793, -115.129865 36.171156, -115.129864 36.171047, -115.129958 36.171057, -115.129959 36.170952, -115.129965 36.170455, -115.129971 36.170362, -115.129972 36.170342, -115.129986 36.170234, -115.130003 36.170155, -115.130014 36.170104, -115.130046 36.169993, -115.130069 36.169922, -115.130076 36.1699, -115.130109 36.169819, -115.130153 36.169719, -115.130194 36.169634, -115.13025 36.16954, -115.13031 36.169439, -115.13037 36.169344, -115.130828 36.168632, -115.130996 36.168372, -115.13104 36.168306, -115.131091 36.168225, -115.13115 36.168134, -115.131304 36.167903, -115.131374 36.167798, -115.131525 36.16757, -115.131672 36.167347, -115.131856 36.167069, -115.131921 36.16697, -115.131978 36.166883, -115.132399 36.166237, -115.132606 36.16592, -115.132671 36.16582, -115.132747 36.165703, -115.132988 36.165332, -115.133088 36.165178, -115.133377 36.164732, -115.133435 36.164642, -115.133498 36.164546, -115.134014 36.163769, -115.134148 36.163567, -115.134209 36.163474, -115.134268 36.163384, -115.134546 36.162959, -115.134929 36.162376, -115.134965 36.162321, -115.135041 36.162211, -115.135322 36.161807, -115.135354 36.16176, -115.135392 36.161708, -115.135706 36.161278, -115.135724 36.161252, -115.135784 36.16117, -115.135799 36.161061, -115.136825 36.159429, -115.136864 36.159344, -115.136887 36.159257, -115.136908 36.159158, -115.136926 36.15895, -115.136935 36.158869, -115.136936 36.15879, -115.136932 36.157662, -115.137009 36.151567, -115.137022 36.147959, -115.137027 36.144242, -115.154797 36.143619, -115.157391 36.143664, -115.15734 36.143744, -115.154342 36.148314, -115.147461 36.158843, -115.148905 36.158854, -115.149966 36.158849, -115.15043 36.158832, -115.154879 36.158861, -115.15675 36.158873, -115.159485 36.159052, -115.160676 36.159037))"
Centennial Hills,suburb,"POLYGON ((-115.351506 36.251484, -115.351504 36.249647, -115.355995 36.249723, -115.355989 36.247886, -115.360446 36.247961, -115.360457 36.246136, -115.369483 36.246199, -115.369482 36.248012, -115.364983 36.247987, -115.36494 36.251616, -115.360463 36.251572, -115.360441 36.255233, -115.358214 36.255214, -115.358203 36.258889, -115.355986 36.258876, -115.355985 36.262556, -115.351573 36.262544, -115.351539 36.280809, -115.346999 36.280784, -115.346988 36.284382, -115.344718 36.284386, -115.344706 36.288001, -115.342436 36.288022, -115.342425 36.291653, -115.344695 36.291616, -115.344771 36.295269, -115.342499 36.295299, -115.342663 36.306454, -115.342687 36.308103, -115.333571 36.308161, -115.333804 36.307769, -115.333833 36.306262, -115.333703 36.306259, -115.333638 36.306258, -115.333453 36.306255, -115.314946 36.306778, -115.30587 36.306683, -115.30595 36.314079, -115.304384 36.314044, -115.303954 36.314049, -115.302973 36.314105, -115.300508 36.314423, -115.294985 36.308313, -115.292871 36.308316, -115.290132 36.308305, -115.288567 36.308309, -115.288044 36.308398, -115.28768 36.308388, -115.287702 36.309116, -115.287704 36.310073, -115.287704 36.310218, -115.287491 36.310217, -115.279309 36.310198, -115.278882 36.310196, -115.278802 36.310195, -115.278691 36.310194, -115.278627 36.310192, -115.278649 36.306472, -115.260106 36.305114, -115.252885 36.305137, -115.251144 36.30517, -115.250809 36.305192, -115.249022 36.305229, -115.24889 36.305232, -115.246114 36.305248, -115.243291 36.305254, -115.242345 36.305256, -115.242196 36.305235, -115.242257 36.303322, -115.242189 36.301479, -115.242162 36.299652, -115.24216 36.299205, -115.242168 36.298873, -115.242181 36.298725, -115.242185 36.298591, -115.242187 36.298536, -115.242196 36.298205, -115.242247 36.297816, -115.242273 36.297658, -115.242287 36.295992, -115.242303 36.294101, -115.24231 36.293262, -115.242317 36.292393, -115.242335 36.290918, -115.24234 36.290563, -115.242306 36.286895, -115.242318 36.285643, -115.24232 36.285463, -115.242317 36.285123, -115.242332 36.283614, -115.242332 36.283514, -115.242338 36.28335, -115.242336 36.283258, -115.242324 36.28259, -115.242345 36.281544, -115.242343 36.281338, -115.242349 36.280987, -115.242357 36.28061, -115.242376 36.27978, -115.242379 36.279675, -115.242468 36.275398, -115.242452 36.274814, -115.242453 36.274553, -115.242441 36.272845, -115.242494 36.272752, -115.242504 36.272725, -115.242506 36.272699, -115.242521 36.271289, -115.242505 36.270502, -115.242438 36.269608, -115.242424 36.268333, -115.242423 36.268251, -115.242404 36.26645, -115.242423 36.265864, -115.242418 36.265572, -115.242413 36.265246, -115.242411 36.265102, -115.242408 36.264911, -115.242393 36.26394, -115.242391 36.263658, -115.242388 36.261986, -115.242383 36.261757, -115.242362 36.260793, -115.242345 36.260084, -115.242347 36.259343, -115.242331 36.258584, -115.242325 36.258323, -115.242321 36.258082, -115.242309 36.257413, -115.242304 36.256201, -115.242273 36.255322, -115.242264 36.254728, -115.242258 36.2544, -115.242249 36.253811, -115.242245 36.25356, -115.242237 36.253064, -115.242236 36.252994, -115.242226 36.252237, -115.24222 36.25186, -115.242211 36.251438, -115.242248 36.251312, -115.242376 36.251165, -115.242843 36.25086, -115.240011 36.247665, -115.242189 36.247873, -115.246735 36.247849, -115.260383 36.24782, -115.273884 36.248185, -115.274457 36.248206, -115.27565 36.248238, -115.276262 36.248255, -115.279198 36.248336, -115.317894 36.247879, -115.325275 36.247826, -115.326211 36.247793, -115.326584 36.24779, -115.327514 36.247793, -115.32764 36.247794, -115.328251 36.247791, -115.328718 36.247792, -115.33213 36.2478, -115.332631 36.247802, -115.333316 36.247804, -115.334484 36.247799, -115.346927 36.247608, -115.34694 36.251491, -115.351506 36.251484))"
Rancho Charleston,suburb,"POLYGON ((-115.208149 36.144533, -115.208156 36.151843, -115.20813 36.15219, -115.208066 36.152491, -115.208007 36.152805, -115.207989 36.153077, -115.207992 36.153882, -115.208023 36.154366, -115.208034 36.154668, -115.20804 36.154816, -115.208016 36.154988, -115.207992 36.155127, -115.207939 36.155266, -115.207888 36.155419, -115.207811 36.155594, -115.207604 36.155938, -115.207373 36.156197, -115.207127 36.156453, -115.20649 36.157101, -115.206338 36.157276, -115.206214 36.157434, -115.206074 36.157678, -115.206003 36.157834, -115.205923 36.158051, -115.205894 36.158197, -115.205876 36.158326, -115.205852 36.159077, -115.206029 36.166528, -115.206021 36.171511, -115.205952 36.173524, -115.205806 36.173515, -115.204139 36.17342, -115.203785 36.173411, -115.203526 36.173408, -115.203034 36.173423, -115.202736 36.173436, -115.202393 36.173471, -115.201996 36.173516, -115.201697 36.173563, -115.201332 36.173627, -115.20095 36.173696, -115.20064 36.173773, -115.200372 36.173842, -115.20012 36.173916, -115.199814 36.174008, -115.195734 36.175477, -115.195376 36.175599, -115.19499 36.175721, -115.194626 36.175821, -115.194289 36.175906, -115.193769 36.176032, -115.193236 36.17613, -115.192644 36.17623, -115.192451 36.176247, -115.192034 36.176297, -115.191647 36.176326, -115.191212 36.176352, -115.190915 36.176366, -115.190638 36.176375, -115.190236 36.17638, -115.189815 36.176361, -115.189412 36.176336, -115.188817 36.176293, -115.188324 36.176225, -115.187777 36.176142, -115.187471 36.176079, -115.184502 36.175478, -115.183859 36.175366, -115.183288 36.175284, -115.182885 36.175255, -115.182386 36.17523, -115.181875 36.175226, -115.179261 36.175279, -115.175907 36.17523, -115.175272 36.17524, -115.17495 36.175254, -115.174281 36.175334, -115.174201 36.175338, -115.173792 36.174636, -115.173353 36.173807, -115.173208 36.17343, -115.173071 36.172999, -115.172889 36.172445, -115.172791 36.172073, -115.172717 36.171715, -115.172644 36.17118, -115.172599 36.170384, -115.172588 36.169808, -115.172606 36.169163, -115.172651 36.166146, -115.172664 36.164127, -115.172727 36.16291, -115.172795 36.158895, -115.163003 36.158878, -115.161704 36.158997, -115.161587 36.159013, -115.161385 36.159028, -115.160676 36.159037, -115.160668 36.158713, -115.160735 36.157825, -115.160856 36.157129, -115.160939 36.156786, -115.161189 36.156057, -115.161504 36.155256, -115.161614 36.155055, -115.161657 36.154975, -115.16174 36.154822, -115.162122 36.154183, -115.162581 36.153554, -115.163975 36.151974, -115.164062 36.151885, -115.164212 36.151732, -115.164305 36.151637, -115.164395 36.151545, -115.166211 36.149661, -115.166764 36.149057, -115.16885 36.146749, -115.169758 36.14575, -115.170329 36.145106, -115.170668 36.144722, -115.171127 36.144192, -115.171443 36.143828, -115.171615 36.143642, -115.17306 36.142025, -115.173627 36.141378, -115.174019 36.140911, -115.174553 36.140327, -115.175087 36.13973, -115.17558 36.139161, -115.175915 36.138779, -115.176336 36.138296, -115.176756 36.137816, -115.177112 36.137411, -115.17737 36.13712, -115.177559 36.137144, -115.177979 36.137153, -115.178465 36.13655, -115.178718 36.136249, -115.178993 36.135849, -115.179413 36.1352, -115.179567 36.134943, -115.18 36.134123, -115.1803 36.133472, -115.180375 36.133277, -115.180574 36.132765, -115.180736 36.132207, -115.180897 36.13161, -115.180968 36.131277, -115.181034 36.130922, -115.181094 36.130529, -115.181141 36.130164, -115.181302 36.130092, -115.181503 36.130011, -115.181669 36.129959, -115.181901 36.129893, -115.182245 36.129817, -115.182736 36.12978, -115.183175 36.129785, -115.183584 36.129807, -115.185516 36.129908, -115.186054 36.129939, -115.18662 36.129965, -115.187697 36.130019, -115.190252 36.130141, -115.190404 36.133805, -115.190483 36.133811, -115.190563 36.13381, -115.190906 36.133801, -115.191616 36.133783, -115.192 36.133773, -115.192348 36.133764, -115.192544 36.13376, -115.19271 36.133756, -115.193506 36.13374, -115.194327 36.133726, -115.194746 36.133718, -115.19484 36.133716, -115.194948 36.133715, -115.195056 36.133713, -115.195291 36.13371, -115.196649 36.133695, -115.196877 36.133692, -115.197109 36.133689, -115.197187 36.133688, -115.197347 36.133684, -115.198126 36.133665, -115.19819 36.133662, -115.198453 36.133658, -115.199294 36.133645, -115.199377 36.135186, -115.19938 36.135242, -115.199396 36.135563, -115.199403 36.135714, -115.199431 36.136323, -115.199457 36.136908, -115.199471 36.137311, -115.199617 36.137339, -115.199761 36.137337, -115.199986 36.137334, -115.20017 36.137331, -115.200571 36.137328, -115.200855 36.137294, -115.200874 36.137294, -115.201009 36.137293, -115.201117 36.137293, -115.202146 36.137287, -115.202545 36.137285, -115.2038 36.137279, -115.203906 36.137278, -115.20532 36.137271, -115.205414 36.13727, -115.205445 36.13727, -115.205444 36.137177, -115.205438 36.137052, -115.205423 36.136917, -115.205382 36.136759, -115.205341 36.136661, -115.205265 36.136522, -115.205194 36.136383, -115.205159 36.13629, -115.205115 36.136129, -115.205103 36.135993, -115.205097 36.135449, -115.205092 36.135116, -115.207008 36.135109, -115.207903 36.135106, -115.208108 36.135105, -115.208109 36.135199, -115.20811 36.135357, -115.208112 36.13578, -115.208113 36.136118, -115.20811 36.13633, -115.208115 36.137256, -115.208135 36.140895, -115.208049 36.140896, -115.206796 36.140904, -115.206796 36.140894, -115.204284 36.140903, -115.20433 36.142653, -115.204373 36.144321, -115.204374 36.144506, -115.205233 36.144507, -115.207411 36.144519, -115.208149 36.144533))"
Buffalo,suburb,"POLYGON ((-115.278932 36.159063, -115.278573 36.159068, -115.278064 36.159071, -115.277865 36.159072, -115.277523 36.15907, -115.277445 36.15907, -115.276927 36.159072, -115.276427 36.159074, -115.276315 36.159074, -115.275864 36.159073, -115.275724 36.159073, -115.275053 36.159073, -115.274943 36.159073, -115.274429 36.159076, -115.27422 36.159077, -115.273598 36.159078, -115.273463 36.159078, -115.273212 36.159078, -115.272639 36.159081, -115.272276 36.159081, -115.269485 36.159083, -115.269148 36.159083, -115.2691 36.159083, -115.268844 36.159084, -115.268574 36.159086, -115.26854 36.159086, -115.268437 36.159087, -115.268237 36.159089, -115.267791 36.159092, -115.266806 36.159098, -115.26637 36.159099, -115.265888 36.1591, -115.265411 36.159101, -115.26504 36.159101, -115.264449 36.159102, -115.262284 36.159097, -115.260836 36.159094, -115.260378 36.159098, -115.260005 36.159098, -115.258869 36.159098, -115.257722 36.159098, -115.256565 36.159098, -115.255421 36.159099, -115.255062 36.159099, -115.254737 36.1591, -115.253544 36.159103, -115.252981 36.159104, -115.252241 36.159104, -115.2519 36.159107, -115.25159 36.159108, -115.243713 36.159121, -115.241914 36.159118, -115.240237 36.159124, -115.234814 36.159144, -115.233895 36.159149, -115.233764 36.159162, -115.231255 36.159173, -115.231059 36.159186, -115.230521 36.159184, -115.230283 36.159164, -115.226768 36.159179, -115.226426 36.15918, -115.22394 36.159192, -115.205852 36.159077, -115.205876 36.158326, -115.205894 36.158197, -115.205923 36.158051, -115.206003 36.157834, -115.206074 36.157678, -115.206214 36.157434, -115.206338 36.157276, -115.20649 36.157101, -115.207127 36.156453, -115.207373 36.156197, -115.207604 36.155938, -115.207811 36.155594, -115.207888 36.155419, -115.207939 36.155266, -115.207992 36.155127, -115.208016 36.154988, -115.20804 36.154816, -115.208034 36.154668, -115.208023 36.154366, -115.207992 36.153882, -115.207989 36.153077, -115.208007 36.152805, -115.208066 36.152491, -115.20813 36.15219, -115.208156 36.151843, -115.208149 36.144533, -115.225292 36.144232, -115.233881 36.144062, -115.242939 36.144156, -115.251917 36.143904, -115.26094 36.143697, -115.263197 36.143733, -115.269929 36.143884, -115.278966 36.144114, -115.279069 36.145249, -115.279146 36.145939, -115.279255 36.147259, -115.280293 36.159065, -115.278932 36.159063), (-115.21355 36.150864, -115.212455 36.150864, -115.212456 36.151188, -115.212457 36.151759, -115.212712 36.151761, -115.213044 36.151764, -115.21304 36.151262, -115.213552 36.151268, -115.21355 36.150864), (-115.216077 36.151267, -115.215717 36.151268, -115.215728 36.151667, -115.215729 36.15177, -115.215855 36.15177, -115.216179 36.151771, -115.216179 36.15174, -115.216185 36.151266, -115.216077 36.151267), (-115.216792 36.151261, -115.216793 36.151638, -115.216794 36.151744, -115.216794 36.151826, -115.216791 36.151919, -115.216772 36.152726, -115.217907 36.152735, -115.217934 36.15402, -115.219032 36.154022, -115.219034 36.154153, -115.219038 36.154351, -115.219039 36.154401, -115.217937 36.1544, -115.217948 36.154794, -115.219046 36.154789, -115.219057 36.155577, -115.219068 36.156102, -115.218467 36.156107, -115.218462 36.155593, -115.217452 36.155588, -115.217463 36.156037, -115.217964 36.156032, -115.217968 36.156693, -115.216792 36.156695, -115.216803 36.156974, -115.216805 36.157027, -115.216817 36.157316, -115.216817 36.157364, -115.216992 36.157364, -115.217972 36.157365, -115.217983 36.157366, -115.217985 36.157466, -115.217997 36.157994, -115.219108 36.157989, -115.219089 36.157493, -115.220357 36.157483, -115.221355 36.157476, -115.221335 36.156949, -115.22133 36.156517, -115.222449 36.156519, -115.222416 36.155577, -115.223446 36.155572, -115.223536 36.155572, -115.223636 36.155572, -115.224644 36.155577, -115.224505 36.151794, -115.224436 36.151794, -115.224387 36.151794, -115.223704 36.151793, -115.223392 36.151793, -115.22282 36.151793, -115.222812 36.151256, -115.223379 36.151245, -115.223347 36.149913, -115.224182 36.149906, -115.224363 36.149904, -115.22444 36.149904, -115.224406 36.148972, -115.224063 36.148974, -115.22401 36.148026, -115.224164 36.148025, -115.225364 36.148017, -115.225452 36.148017, -115.225407 36.14684, -115.224318 36.146855, -115.224328 36.147222, -115.223238 36.147238, -115.223235 36.147128, -115.223214 36.146255, -115.223212 36.146158, -115.221641 36.146173, -115.221653 36.146618, -115.221039 36.146626, -115.221031 36.146182, -115.21894 36.146189, -115.218938 36.146147, -115.218377 36.146149, -115.218398 36.145972, -115.218143 36.145897, -115.218022 36.145838, -115.218018 36.145757, -115.217823 36.145757, -115.21784 36.147652, -115.216788 36.147668, -115.216785 36.147584, -115.216784 36.147566, -115.216775 36.147374, -115.21677 36.14677, -115.216768 36.146696, -115.216128 36.146704, -115.216116 36.146241, -115.214596 36.146267, -115.214579 36.146536, -115.21458 36.146622, -115.213864 36.146632, -115.21387 36.146912, -115.214579 36.146898, -115.214581 36.147178, -115.213865 36.147181, -115.213868 36.147466, -115.214583 36.147466, -115.214584 36.147603, -115.214588 36.148131, -115.213397 36.148137, -115.213047 36.148139, -115.212458 36.148142, -115.212456 36.149004, -115.212453 36.149945, -115.212454 36.150401, -115.213555 36.150405, -115.213553 36.14994, -115.214601 36.149936, -115.21463 36.150856, -115.216175 36.150863, -115.216185 36.151266, -115.216792 36.151261))"
East Las Vegas,suburb,"POLYGON ((-115.125138 36.168371, -115.125137 36.168431, -115.125137 36.168482, -115.125137 36.168548, -115.125138 36.168747, -115.125113 36.169195, -115.125115 36.169653, -115.125117 36.170101, -115.125119 36.170556, -115.125121 36.17101, -115.125123 36.171474, -115.125126 36.17192, -115.125128 36.172384, -115.12513 36.172825, -115.125132 36.173348, -115.125135 36.174001, -115.122918 36.173993, -115.121608 36.173988, -115.12149 36.173987, -115.120674 36.173984, -115.119774 36.173981, -115.118911 36.173977, -115.11883 36.173977, -115.118431 36.173976, -115.117981 36.173979, -115.117857 36.173978, -115.117491 36.173972, -115.116224 36.173956, -115.11606 36.181206, -115.112078 36.18114, -115.112078 36.181155, -115.112077 36.181219, -115.112072 36.181608, -115.112063 36.182294, -115.113216 36.182309, -115.113198 36.182998, -115.113197 36.183037, -115.11318 36.183687, -115.113155 36.184628, -115.113152 36.184732, -115.11315 36.184808, -115.113034 36.184806, -115.111988 36.184786, -115.111636 36.184779, -115.111447 36.1848, -115.11129 36.184832, -115.111129 36.184902, -115.110907 36.185027, -115.110987 36.185136, -115.111135 36.185416, -115.111195 36.185636, -115.111212 36.185971, -115.111211 36.188392, -115.11035 36.18838, -115.1095 36.18836, -115.108648 36.188344, -115.107729 36.188325, -115.10723 36.188314, -115.106664 36.188301, -115.105968 36.188285, -115.103751 36.188238, -115.103076 36.188227, -115.100176 36.188169, -115.099754 36.18816, -115.098332 36.188146, -115.097108 36.188173, -115.096982 36.188176, -115.096108 36.188196, -115.095947 36.1882, -115.095814 36.188203, -115.095404 36.188211, -115.093681 36.188252, -115.093133 36.188263, -115.092298 36.18828, -115.092203 36.188282, -115.091946 36.18829, -115.087943 36.188371, -115.087498 36.188379, -115.08682 36.188391, -115.086216 36.188403, -115.085037 36.188426, -115.084646 36.188433, -115.084084 36.188444, -115.083682 36.188451, -115.082567 36.188472, -115.081646 36.188489, -115.079904 36.188528, -115.079915 36.188049, -115.079935 36.187656, -115.079978 36.186995, -115.08 36.186616, -115.080039 36.185963, -115.080053 36.18573, -115.080055 36.185703, -115.080088 36.185314, -115.080134 36.184696, -115.080184 36.183854, -115.080234 36.183125, -115.080254 36.182799, -115.080272 36.182454, -115.08039 36.180861, -115.080394 36.179945, -115.080395 36.179867, -115.080396 36.179744, -115.080396 36.179663, -115.080401 36.17917, -115.080404 36.178876, -115.080405 36.178737, -115.080407 36.178671, -115.080407 36.178456, -115.080408 36.178241, -115.080408 36.178056, -115.080409 36.177168, -115.080413 36.176641, -115.080415 36.176384, -115.080417 36.176016, -115.08042 36.175649, -115.080421 36.175389, -115.080424 36.174934, -115.080424 36.174301, -115.080424 36.174213, -115.08044 36.173488, -115.080458 36.172427, -115.080466 36.172066, -115.080468 36.172022, -115.080478 36.171702, -115.080479 36.171243, -115.080479 36.170898, -115.080479 36.170842, -115.080479 36.170689, -115.080483 36.169666, -115.080484 36.168177, -115.080484 36.168083, -115.080485 36.167994, -115.080507 36.167408, -115.080535 36.166294, -115.080464 36.165125, -115.080455 36.164953, -115.080453 36.164871, -115.080449 36.164746, -115.080418 36.164074, -115.080367 36.162908, -115.080346 36.162433, -115.080297 36.161321, -115.080285 36.161058, -115.080273 36.16077, -115.080262 36.160523, -115.08025 36.160282, -115.080227 36.159821, -115.080209 36.159489, -115.080213 36.158962, -115.080283 36.15896, -115.088402 36.158893, -115.089578 36.158841, -115.089948 36.158832, -115.091681 36.158827, -115.09168 36.159274, -115.091668 36.159683, -115.091699 36.160096, -115.091782 36.160534, -115.0919 36.161087, -115.092049 36.161541, -115.092289 36.162131, -115.092521 36.162563, -115.092753 36.162957, -115.092914 36.163195, -115.093241 36.163588, -115.093508 36.163896, -115.09387 36.164265, -115.094232 36.164626, -115.094798 36.165068, -115.095321 36.165446, -115.095891 36.165798, -115.096576 36.166157, -115.097397 36.166528, -115.097975 36.166719, -115.098526 36.166877, -115.099167 36.16703, -115.100048 36.167239, -115.10118 36.167423, -115.10225 36.167557, -115.102981 36.167604, -115.10398 36.167639, -115.114582 36.167912, -115.120434 36.167887, -115.121987 36.167881, -115.12264 36.167887, -115.123131 36.167903, -115.12378 36.16796, -115.124346 36.168023, -115.124724 36.16809, -115.125137 36.168169, -115.125138 36.168371))"
Cultural Corridor,suburb,"POLYGON ((-115.144932 36.181157, -115.144674 36.181496, -115.14454 36.181698, -115.144368 36.18198, -115.144248 36.1822, -115.144127 36.182452, -115.144107 36.182491, -115.143924 36.182895, -115.143807 36.183243, -115.143732 36.183607, -115.143687 36.183916, -115.143668 36.184208, -115.143658 36.184377, -115.143656 36.186345, -115.143631 36.186573, -115.143613 36.186853, -115.143569 36.187134, -115.143532 36.187381, -115.143466 36.187661, -115.143363 36.188029, -115.143243 36.188365, -115.142896 36.188359, -115.142779 36.188358, -115.14243 36.188355, -115.142314 36.188355, -115.142125 36.188363, -115.142083 36.188363, -115.141392 36.188377, -115.141162 36.188382, -115.137929 36.18842, -115.13545 36.188434, -115.135131 36.188433, -115.13431 36.18843, -115.134202 36.188431, -115.134065 36.188436, -115.130578 36.188462, -115.129822 36.188468, -115.129305 36.188433, -115.129148 36.18843, -115.127518 36.188438, -115.12506 36.188449, -115.125057 36.18483, -115.124979 36.18483, -115.124927 36.18483, -115.123955 36.184832, -115.123281 36.184834, -115.122739 36.184836, -115.122431 36.184838, -115.121103 36.184843, -115.120626 36.184843, -115.120633 36.185979, -115.120634 36.186204, -115.120636 36.186665, -115.12064 36.18733, -115.12064 36.187397, -115.120641 36.187561, -115.120646 36.188415, -115.120646 36.188463, -115.118348 36.188475, -115.116196 36.188487, -115.11605 36.188487, -115.114895 36.188463, -115.114453 36.188458, -115.113518 36.188434, -115.113357 36.18843, -115.11276 36.188419, -115.111655 36.188401, -115.111211 36.188392, -115.111212 36.185971, -115.111195 36.185636, -115.111135 36.185416, -115.110987 36.185136, -115.110907 36.185027, -115.111129 36.184902, -115.11129 36.184832, -115.111447 36.1848, -115.111636 36.184779, -115.111988 36.184786, -115.113034 36.184806, -115.11315 36.184808, -115.113152 36.184732, -115.113155 36.184628, -115.11318 36.183687, -115.113197 36.183037, -115.113198 36.182998, -115.113216 36.182309, -115.112063 36.182294, -115.112072 36.181608, -115.112077 36.181219, -115.112078 36.181155, -115.112078 36.18114, -115.11606 36.181206, -115.116224 36.173956, -115.117491 36.173972, -115.117857 36.173978, -115.117981 36.173979, -115.118431 36.173976, -115.11883 36.173977, -115.118911 36.173977, -115.119774 36.173981, -115.120674 36.173984, -115.12149 36.173987, -115.121608 36.173988, -115.122918 36.173993, -115.125135 36.174001, -115.125132 36.173348, -115.12513 36.172825, -115.125128 36.172384, -115.125126 36.17192, -115.125123 36.171474, -115.125121 36.17101, -115.125119 36.170556, -115.125117 36.170101, -115.125115 36.169653, -115.125113 36.169195, -115.125138 36.168747, -115.125137 36.168548, -115.125137 36.168482, -115.125137 36.168431, -115.125138 36.168371, -115.125137 36.168169, -115.125566 36.168286, -115.125865 36.168375, -115.126503 36.168575, -115.127243 36.168853, -115.127743 36.169083, -115.130003 36.170155, -115.129986 36.170234, -115.129972 36.170342, -115.129971 36.170362, -115.129965 36.170455, -115.129959 36.170952, -115.129958 36.171057, -115.129864 36.171047, -115.129865 36.171156, -115.12987 36.171793, -115.129917 36.172019, -115.130078 36.172392, -115.13046 36.173153, -115.130528 36.173308, -115.130564 36.17345, -115.130577 36.173568, -115.130569 36.173983, -115.130569 36.174079, -115.130566 36.17576, -115.130583 36.176902, -115.130565 36.177037, -115.130534 36.177186, -115.130442 36.177355, -115.130356 36.177502, -115.130244 36.177656, -115.130051 36.177824, -115.129918 36.177928, -115.129733 36.178014, -115.129495 36.178099, -115.129253 36.178159, -115.128974 36.178185, -115.126327 36.178186, -115.126177 36.178199, -115.126007 36.178234, -115.125871 36.178271, -115.125765 36.178309, -115.125634 36.178388, -115.125459 36.178484, -115.125332 36.17858, -115.125267 36.178673, -115.125206 36.178779, -115.125158 36.178859, -115.125124 36.178947, -115.12511 36.179031, -115.125097 36.179122, -115.125092 36.181208, -115.133138 36.181186, -115.134182 36.181181, -115.13504 36.181177, -115.13519 36.181176, -115.135314 36.181177, -115.135675 36.181175, -115.135996 36.181174, -115.136704 36.181184, -115.136934 36.181185, -115.137461 36.181178, -115.137981 36.181171, -115.138068 36.181169, -115.138543 36.181158, -115.138945 36.181149, -115.139133 36.181143, -115.139401 36.181135, -115.139575 36.18113, -115.139658 36.181134, -115.139854 36.181144, -115.140222 36.181204, -115.14126 36.181328, -115.141782 36.18138, -115.142267 36.181348, -115.142916 36.181226, -115.143962 36.180986, -115.144384 36.18095, -115.145122 36.180952, -115.144932 36.181157), (-115.140261 36.181416, -115.14007 36.181535, -115.137081 36.18618, -115.138496 36.186451, -115.138559 36.186449, -115.138789 36.186449, -115.138789 36.18644, -115.139317 36.18644, -115.139317 36.186449, -115.139835 36.186438, -115.139835 36.186448, -115.140202 36.186445, -115.140203 36.186456, -115.140985 36.186453, -115.14098 36.186118, -115.140963 36.184911, -115.140963 36.184414, -115.141037 36.183821, -115.141191 36.182991, -115.141339 36.182468, -115.141524 36.181931, -115.141653 36.181633, -115.140532 36.181421, -115.140261 36.181416))"
Michael Way,suburb,"POLYGON ((-115.246828 36.218234, -115.242296 36.218202, -115.240435 36.218058, -115.240247 36.218042, -115.23981 36.218006, -115.239439 36.217976, -115.239046 36.217943, -115.238158 36.21787, -115.237792 36.217839, -115.236716 36.21775, -115.236111 36.2177, -115.235452 36.217646, -115.235403 36.217642, -115.235017 36.217618, -115.232652 36.217416, -115.23197 36.217359, -115.231057 36.217282, -115.230862 36.217266, -115.229919 36.217187, -115.229244 36.217131, -115.228929 36.217104, -115.228467 36.217065, -115.228268 36.217048, -115.227862 36.217014, -115.225827 36.216856, -115.216842 36.216986, -115.212018 36.217122, -115.208474 36.21318, -115.207858 36.212497, -115.206848 36.211376, -115.206007 36.210456, -115.20547 36.209868, -115.205392 36.209774, -115.204855 36.209187, -115.203245 36.207428, -115.202709 36.206842, -115.20197 36.206029, -115.20043 36.204333, -115.199754 36.203593, -115.199079 36.202855, -115.198962 36.202722, -115.198552 36.202266, -115.19853 36.202241, -115.197484 36.201117, -115.197139 36.200741, -115.196678 36.200236, -115.196846 36.200196, -115.197165 36.20011, -115.197618 36.199952, -115.197996 36.199804, -115.198418 36.199568, -115.198823 36.19933, -115.199197 36.199094, -115.202165 36.197324, -115.202284 36.197236, -115.20244 36.197119, -115.20259 36.197008, -115.202678 36.196925, -115.202739 36.196867, -115.202915 36.19667, -115.202976 36.1966, -115.203085 36.196475, -115.203114 36.196441, -115.20325 36.196283, -115.203414 36.196133, -115.203428 36.196122, -115.203586 36.195996, -115.20372 36.195913, -115.203862 36.195835, -115.204204 36.195696, -115.20449 36.195616, -115.204867 36.195553, -115.205136 36.195527, -115.205551 36.195502, -115.205729 36.195493, -115.206016 36.195482, -115.206167 36.188206, -115.206096 36.180958, -115.20621 36.180957, -115.206321 36.18096, -115.206369 36.180957, -115.206587 36.180956, -115.206872 36.180956, -115.207699 36.180956, -115.208513 36.180955, -115.209326 36.180955, -115.210141 36.180958, -115.211005 36.180963, -115.212748 36.180968, -115.215052 36.180963, -115.216277 36.180933, -115.216648 36.180925, -115.217494 36.180898, -115.217598 36.180895, -115.218164 36.180885, -115.219893 36.180853, -115.223263 36.180769, -115.223706 36.180758, -115.223841 36.180755, -115.223996 36.180757, -115.224449 36.180763, -115.224971 36.180777, -115.226095 36.180809, -115.226558 36.180819, -115.22687 36.180829, -115.227617 36.180852, -115.227856 36.180857, -115.2279 36.180857, -115.229418 36.180903, -115.231024 36.180944, -115.232032 36.180968, -115.233189 36.181008, -115.234073 36.181028, -115.237731 36.181116, -115.239883 36.181169, -115.240743 36.181192, -115.241053 36.181199, -115.242312 36.181264, -115.242598 36.181273, -115.243982 36.18126, -115.244448 36.181264, -115.244479 36.184858, -115.244519 36.196032, -115.244554 36.201577, -115.244569 36.202335, -115.244572 36.202732, -115.244572 36.203285, -115.244572 36.203387, -115.244572 36.203807, -115.244582 36.204313, -115.244598 36.204796, -115.244598 36.204892, -115.244609 36.205, -115.244672 36.205826, -115.244681 36.205942, -115.244698 36.206089, -115.244808 36.20696, -115.244824 36.20706, -115.244867 36.207373, -115.245007 36.208085, -115.245215 36.209048, -115.245239 36.209137, -115.245431 36.20986, -115.245524 36.210188, -115.246453 36.213809, -115.246732 36.215264, -115.246797 36.216562, -115.246828 36.218234))"
Pioneer Park,suburb,"POLYGON ((-115.28761 36.188603, -115.287527 36.188605, -115.285579 36.188617, -115.285152 36.188614, -115.283358 36.188625, -115.282318 36.18863, -115.280677 36.188639, -115.278677 36.188652, -115.278523 36.188652, -115.277923 36.188656, -115.276967 36.188661, -115.276093 36.188668, -115.273481 36.188682, -115.272795 36.18869, -115.272667 36.188692, -115.27205 36.188698, -115.270259 36.188708, -115.269289 36.188713, -115.269135 36.188714, -115.268625 36.188718, -115.267055 36.18873, -115.265643 36.188739, -115.264687 36.188753, -115.264622 36.188754, -115.262778 36.188758, -115.261067 36.18877, -115.260062 36.188771, -115.260366 36.196134, -115.244519 36.196032, -115.244479 36.184858, -115.244448 36.181264, -115.244462 36.180572, -115.244464 36.180217, -115.244456 36.179652, -115.24445 36.179375, -115.244414 36.17903, -115.244356 36.178659, -115.24427 36.178284, -115.244184 36.17796, -115.244082 36.17764, -115.243981 36.177438, -115.24379 36.17704, -115.244056 36.177281, -115.244302 36.17748, -115.244564 36.177645, -115.244852 36.17779, -115.24515 36.177912, -115.245461 36.178002, -115.245731 36.178059, -115.24602 36.178098, -115.246289 36.178124, -115.248622 36.178147, -115.250948 36.178126, -115.254573 36.178188, -115.255753 36.178224, -115.258632 36.178616, -115.259875 36.178658, -115.26069 36.178661, -115.261769 36.178536, -115.264016 36.178302, -115.265583 36.17812, -115.266806 36.178077, -115.268018 36.178051, -115.274026 36.177947, -115.277266 36.177904, -115.278232 36.177843, -115.279798 36.177635, -115.281097 36.177479, -115.281848 36.177419, -115.282567 36.177427, -115.283264 36.177471, -115.287228 36.177856, -115.28761 36.188603))"
Angel Park Lindell,suburb,"POLYGON ((-115.291413 36.159034, -115.291453 36.161837, -115.29145 36.162017, -115.291429 36.162318, -115.29138 36.162656, -115.291289 36.162963, -115.291128 36.16337, -115.290962 36.163717, -115.29078 36.164046, -115.290565 36.16431, -115.290291 36.164609, -115.289047 36.165822, -115.28807 36.166749, -115.288022 36.166809, -115.287652 36.167264, -115.287443 36.167571, -115.287266 36.167896, -115.287137 36.16826, -115.287062 36.168585, -115.287019 36.16891, -115.287079 36.173671, -115.287228 36.177856, -115.283264 36.177471, -115.282567 36.177427, -115.281848 36.177419, -115.281097 36.177479, -115.279798 36.177635, -115.278232 36.177843, -115.277266 36.177904, -115.274026 36.177947, -115.268018 36.178051, -115.266806 36.178077, -115.265583 36.17812, -115.264016 36.178302, -115.261769 36.178536, -115.26069 36.178661, -115.259875 36.178658, -115.259857 36.17653, -115.259858 36.175233, -115.259961 36.166528, -115.259998 36.16336, -115.260016 36.163147, -115.260056 36.162932, -115.26013 36.162645, -115.260198 36.162504, -115.260322 36.162308, -115.260529 36.162027, -115.26071 36.161863, -115.261536 36.161194, -115.261668 36.161087, -115.261828 36.160929, -115.26197 36.160725, -115.262066 36.160582, -115.26209 36.160478, -115.262193 36.16022, -115.262259 36.159928, -115.262284 36.1597, -115.262283 36.159293, -115.262284 36.159097, -115.264449 36.159102, -115.26504 36.159101, -115.265411 36.159101, -115.265888 36.1591, -115.26637 36.159099, -115.266806 36.159098, -115.267791 36.159092, -115.268237 36.159089, -115.268437 36.159087, -115.26854 36.159086, -115.268574 36.159086, -115.268844 36.159084, -115.2691 36.159083, -115.269148 36.159083, -115.269485 36.159083, -115.272276 36.159081, -115.272639 36.159081, -115.273212 36.159078, -115.273463 36.159078, -115.273598 36.159078, -115.27422 36.159077, -115.274429 36.159076, -115.274943 36.159073, -115.275053 36.159073, -115.275724 36.159073, -115.275864 36.159073, -115.276315 36.159074, -115.276427 36.159074, -115.276927 36.159072, -115.277445 36.15907, -115.277523 36.15907, -115.277865 36.159072, -115.278064 36.159071, -115.278573 36.159068, -115.278932 36.159063, -115.280293 36.159065, -115.291413 36.159034))"
Lone Mountain,suburb,"POLYGON ((-115.346927 36.247608, -115.334484 36.247799, -115.333316 36.247804, -115.332631 36.247802, -115.33213 36.2478, -115.328718 36.247792, -115.328251 36.247791, -115.32764 36.247794, -115.327514 36.247793, -115.326584 36.24779, -115.326211 36.247793, -115.325275 36.247826, -115.317894 36.247879, -115.279198 36.248336, -115.276262 36.248255, -115.27565 36.248238, -115.274457 36.248206, -115.273884 36.248185, -115.260383 36.24782, -115.246735 36.247849, -115.24688 36.225644, -115.246828 36.218234, -115.247302 36.218237, -115.251377 36.218217, -115.254674 36.218248, -115.260455 36.21825, -115.263058 36.218299, -115.264626 36.218331, -115.278802 36.218626, -115.280225 36.218615, -115.281872 36.21861, -115.283136 36.218602, -115.284827 36.218607, -115.286491 36.218599, -115.287669 36.218596, -115.288794 36.218596, -115.289618 36.218589, -115.291092 36.218587, -115.292231 36.218587, -115.293373 36.21858, -115.294212 36.21858, -115.295652 36.218576, -115.296876 36.218568, -115.298566 36.218557, -115.300261 36.218527, -115.301427 36.218506, -115.302574 36.218491, -115.303423 36.218475, -115.304842 36.218459, -115.3057 36.218442, -115.30718 36.218428, -115.308749 36.218403, -115.310093 36.218388, -115.311797 36.218361, -115.313115 36.218344, -115.314819 36.21832, -115.316507 36.21831, -115.317753 36.218322, -115.319457 36.218333, -115.321092 36.218343, -115.322432 36.218352, -115.323557 36.218358, -115.32455 36.218366, -115.328284 36.218363, -115.33415 36.218413, -115.334346 36.233649, -115.334144 36.236209, -115.33636 36.236233, -115.336082 36.240115, -115.338318 36.240138, -115.338193 36.242043, -115.351674 36.242181, -115.351605 36.244089, -115.358305 36.2442, -115.358297 36.246045, -115.351479 36.245999, -115.351407 36.247629, -115.346927 36.247608), (-115.328316 36.219271, -115.329544 36.219277, -115.329533 36.218394, -115.328501 36.218385, -115.327221 36.21838, -115.327226 36.219267, -115.327759 36.219272, -115.328316 36.219271), (-115.30868 36.2212, -115.308682 36.219814, -115.308679 36.219337, -115.306524 36.219368, -115.306385 36.21937, -115.306391 36.220066, -115.306392 36.220249, -115.306392 36.220311, -115.306397 36.220819, -115.306399 36.220979, -115.306401 36.221238, -115.308518 36.221204, -115.30868 36.2212), (-115.262231 36.225724, -115.262841 36.22574, -115.262834 36.224806, -115.262217 36.224804, -115.262233 36.225614, -115.262231 36.225724), (-115.324933 36.227312, -115.324935 36.2291, -115.326114 36.229068, -115.326106 36.227283, -115.324933 36.227312), (-115.2618 36.232229, -115.263789 36.232294, -115.264093 36.232308, -115.264058 36.229509, -115.262949 36.229465, -115.262932 36.230383, -115.26177 36.230331, -115.2618 36.232229), (-115.325915 36.236445, -115.32613 36.232622, -115.326122 36.230849, -115.324938 36.230889, -115.324943 36.232663, -115.324743 36.236475, -115.325267 36.236461, -115.325599 36.236448, -115.325915 36.236445), (-115.258123 36.222877, -115.258236 36.222885, -115.259377 36.22289, -115.259378 36.221951, -115.25821 36.221953, -115.258216 36.221818, -115.258216 36.221223, -115.258195 36.220187, -115.258182 36.220097, -115.258094 36.2201, -115.257063 36.220087, -115.257078 36.221023, -115.255933 36.221024, -115.255949 36.222871, -115.256515 36.222868, -115.257636 36.222873, -115.258123 36.222877), (-115.257153 36.225701, -115.258311 36.225705, -115.258909 36.225707, -115.26059 36.225713, -115.260582 36.224755, -115.260419 36.224754, -115.259752 36.224753, -115.259426 36.224753, -115.258368 36.224751, -115.258311 36.224751, -115.258311 36.224652, -115.258269 36.223802, -115.25596 36.22379, -115.255976 36.224739, -115.257142 36.224743, -115.257152 36.225599, -115.257153 36.225701), (-115.25722 36.231238, -115.258174 36.231248, -115.259509 36.231251, -115.259486 36.230319, -115.256059 36.230326, -115.256073 36.231244, -115.25722 36.231238), (-115.260483 36.23833, -115.260548 36.236986, -115.260548 36.23685, -115.260604 36.235491, -115.260423 36.235485, -115.259921 36.235483, -115.259925 36.235269, -115.259944 36.23495, -115.259151 36.234948, -115.258461 36.234938, -115.258314 36.23494, -115.258295 36.235318, -115.258243 36.236727, -115.258248 36.236835, -115.258219 36.237751, -115.255958 36.237741, -115.255925 36.238656, -115.257037 36.238678, -115.257014 36.239601, -115.258145 36.239606, -115.258113 36.240548, -115.259246 36.24054, -115.259324 36.238705, -115.259763 36.238708, -115.260473 36.238701, -115.260483 36.23833), (-115.251259 36.241566, -115.251249 36.241662, -115.253365 36.241679, -115.253389 36.240514, -115.2526 36.240498, -115.252517 36.2405, -115.252064 36.240494, -115.252058 36.241326, -115.251307 36.241318, -115.251259 36.241566))"
Canyon Gate,neighbourhood,"POLYGON ((-115.297704 36.144413, -115.297758 36.146472, -115.297755 36.146766, -115.297751 36.146915, -115.297726 36.147055, -115.297675 36.1473, -115.297639 36.147477, -115.297564 36.14771, -115.297513 36.147877, -115.297408 36.148154, -115.297296 36.148395, -115.297156 36.148669, -115.297015 36.148923, -115.296734 36.149319, -115.296524 36.149578, -115.296108 36.150053, -115.295314 36.150966, -115.295265 36.151019, -115.29519 36.151109, -115.292966 36.153659, -115.292616 36.154057, -115.292374 36.154351, -115.292119 36.154746, -115.291831 36.155284, -115.291705 36.155605, -115.291536 36.156171, -115.291465 36.156552, -115.291446 36.156658, -115.291424 36.157276, -115.291422 36.157346, -115.291413 36.159034, -115.280293 36.159065, -115.279255 36.147259, -115.279146 36.145939, -115.279069 36.145249, -115.278966 36.144114, -115.28781 36.144098, -115.297704 36.144413))"
Sunrise,suburb,"POLYGON ((-115.080507 36.167408, -115.080485 36.167994, -115.080484 36.168083, -115.080484 36.168177, -115.080483 36.169666, -115.080479 36.170689, -115.080479 36.170842, -115.080479 36.170898, -115.080479 36.171243, -115.080478 36.171702, -115.080468 36.172022, -115.080466 36.172066, -115.080458 36.172427, -115.08044 36.173488, -115.080424 36.174213, -115.080424 36.174301, -115.080424 36.174934, -115.080421 36.175389, -115.08042 36.175649, -115.080417 36.176016, -115.080415 36.176384, -115.080413 36.176641, -115.080409 36.177168, -115.080408 36.178056, -115.080408 36.178241, -115.080407 36.178456, -115.080407 36.178671, -115.080405 36.178737, -115.080404 36.178876, -115.080401 36.17917, -115.080396 36.179663, -115.080396 36.179744, -115.080395 36.179867, -115.080394 36.179945, -115.08039 36.180861, -115.080272 36.182454, -115.080254 36.182799, -115.080234 36.183125, -115.080184 36.183854, -115.080134 36.184696, -115.080088 36.185314, -115.080055 36.185703, -115.080053 36.18573, -115.080039 36.185963, -115.08 36.186616, -115.079978 36.186995, -115.079935 36.187656, -115.079915 36.188049, -115.079904 36.188528, -115.078777 36.18853, -115.07802 36.188524, -115.077157 36.188518, -115.075886 36.188508, -115.075775 36.188508, -115.074863 36.188504, -115.073889 36.1885, -115.072251 36.188494, -115.071741 36.188484, -115.070829 36.188482, -115.06997 36.188518, -115.069123 36.188552, -115.068495 36.188577, -115.067579 36.188614, -115.067412 36.188621, -115.067029 36.188636, -115.066999 36.188637, -115.066487 36.188658, -115.066228 36.188668, -115.06601 36.188677, -115.065738 36.188688, -115.065524 36.188697, -115.065416 36.188701, -115.065299 36.188706, -115.064958 36.18872, -115.064454 36.18874, -115.063738 36.188769, -115.06363 36.188773, -115.063486 36.188779, -115.06325 36.18879, -115.062646 36.188814, -115.06248 36.188819, -115.062405 36.18882, -115.062173 36.18882, -115.062173 36.188766, -115.062188 36.18844, -115.062201 36.18814, -115.062184 36.187301, -115.062177 36.186922, -115.062178 36.186863, -115.062184 36.186561, -115.06219 36.186285, -115.062185 36.18548, -115.062183 36.18512, -115.062181 36.18475, -115.062176 36.183642, -115.062175 36.183273, -115.062173 36.182902, -115.06217 36.18179, -115.062169 36.18142, -115.06217 36.181048, -115.062172 36.180294, -115.062173 36.179932, -115.062174 36.17956, -115.062172 36.179194, -115.062166 36.178098, -115.062165 36.177733, -115.062164 36.174789, -115.062164 36.174353, -115.062168 36.174054, -115.062159 36.17368, -115.062135 36.172558, -115.062127 36.172185, -115.062122 36.172031, -115.06212 36.171808, -115.062114 36.170678, -115.062113 36.170302, -115.062105 36.169549, -115.062093 36.168221, -115.062084 36.167757, -115.062077 36.16729, -115.062066 36.166538, -115.062093 36.166164, -115.062106 36.165653, -115.062117 36.165231, -115.06218 36.162995, -115.062195 36.162498, -115.062206 36.16211, -115.062209 36.161891, -115.062221 36.161237, -115.062225 36.161019, -115.062234 36.160621, -115.062239 36.160406, -115.062288 36.159399, -115.062306 36.159016, -115.062394 36.159017, -115.074437 36.158971, -115.074548 36.158971, -115.079053 36.158962, -115.08013 36.15896, -115.080213 36.158962, -115.080209 36.159489, -115.080227 36.159821, -115.08025 36.160282, -115.080262 36.160523, -115.080273 36.16077, -115.080285 36.161058, -115.080297 36.161321, -115.080346 36.162433, -115.080367 36.162908, -115.080418 36.164074, -115.080449 36.164746, -115.080453 36.164871, -115.080455 36.164953, -115.080464 36.165125, -115.080535 36.166294, -115.080507 36.167408))"
The Lakes,suburb,"POLYGON ((-115.315828 36.158972, -115.314085 36.15895, -115.315254 36.168036, -115.315008 36.168102, -115.314611 36.168178, -115.31427 36.168292, -115.314068 36.168361, -115.313865 36.168436, -115.313757 36.168484, -115.312785 36.169096, -115.312731 36.16913, -115.312254 36.169424, -115.311959 36.169583, -115.311647 36.16972, -115.311388 36.169814, -115.310986 36.169927, -115.310746 36.169971, -115.310502 36.170015, -115.31013 36.170042, -115.309937 36.170056, -115.308296 36.170034, -115.306746 36.170012, -115.298859 36.169908, -115.29876 36.169913, -115.298316 36.169907, -115.298191 36.169896, -115.298081 36.169886, -115.297935 36.169869, -115.297661 36.169826, -115.29725 36.169736, -115.297039 36.169669, -115.296788 36.169589, -115.296412 36.169427, -115.296116 36.169268, -115.295786 36.169051, -115.294604 36.168091, -115.294576 36.168071, -115.29452 36.168033, -115.294434 36.167983, -115.294318 36.167916, -115.294106 36.167797, -115.29387 36.167695, -115.293617 36.167597, -115.293379 36.16753, -115.293205 36.167492, -115.293156 36.167482, -115.293036 36.167456, -115.292844 36.167429, -115.292652 36.167407, -115.292397 36.167398, -115.292102 36.167407, -115.291835 36.167423, -115.291284 36.167459, -115.290638 36.167492, -115.29023 36.16751, -115.28998 36.167513, -115.289807 36.167513, -115.28971 36.167506, -115.28958 36.167489, -115.289371 36.167452, -115.289178 36.167407, -115.288923 36.167328, -115.288768 36.16726, -115.288583 36.167169, -115.288384 36.167062, -115.288183 36.166922, -115.288022 36.166809, -115.28807 36.166749, -115.289047 36.165822, -115.290291 36.164609, -115.290565 36.16431, -115.29078 36.164046, -115.290962 36.163717, -115.291128 36.16337, -115.291289 36.162963, -115.29138 36.162656, -115.291429 36.162318, -115.29145 36.162017, -115.291453 36.161837, -115.291413 36.159034, -115.280293 36.159065, -115.279255 36.147259, -115.279146 36.145939, -115.279069 36.145249, -115.278966 36.144114, -115.278971 36.141236, -115.278958 36.140458, -115.27896 36.139549, -115.27896 36.139472, -115.278965 36.137732, -115.278974 36.136837, -115.27897 36.136233, -115.27896 36.135231, -115.27896 36.134871, -115.27896 36.134132, -115.27896 36.133788, -115.27896 36.132936, -115.27896 36.132155, -115.27896 36.132097, -115.278948 36.129554, -115.280318 36.129581, -115.28157 36.129603, -115.282278 36.12961, -115.283444 36.129622, -115.28386 36.129627, -115.285541 36.129644, -115.285751 36.129646, -115.2873 36.129663, -115.287711 36.129667, -115.287932 36.129669, -115.288601 36.129679, -115.288801 36.129682, -115.28914 36.129688, -115.289379 36.129692, -115.289482 36.129694, -115.290308 36.12971, -115.290657 36.129717, -115.291241 36.129728, -115.29141 36.129731, -115.291981 36.129742, -115.29249 36.129752, -115.292696 36.129755, -115.294467 36.129789, -115.295084 36.129802, -115.295914 36.129816, -115.296176 36.129822, -115.29684 36.129834, -115.296874 36.129835, -115.296973 36.129835, -115.297163 36.129836, -115.298414 36.129843, -115.29879 36.129846, -115.299344 36.129851, -115.299851 36.129847, -115.300336 36.129847, -115.302148 36.129844, -115.303381 36.129842, -115.303908 36.129842, -115.305598 36.129839, -115.306034 36.129839, -115.306073 36.129839, -115.306199 36.129839, -115.30637 36.129839, -115.306406 36.129839, -115.307225 36.12984, -115.307309 36.129841, -115.307763 36.129831, -115.309801 36.12983, -115.313218 36.129837, -115.313949 36.129834, -115.315221 36.129823, -115.315218 36.130964, -115.31531 36.136998, -115.315311 36.137114, -115.315342 36.138693, -115.315374 36.139836, -115.315394 36.14057, -115.315414 36.141619, -115.315417 36.141975, -115.315486 36.143231, -115.315512 36.144403, -115.31556 36.147145, -115.315566 36.147458, -115.315569 36.147556, -115.31558 36.148212, -115.315593 36.148814, -115.315619 36.149802, -115.315641 36.150608, -115.315642 36.150654, -115.315663 36.151374, -115.315708 36.153599, -115.315751 36.155008, -115.315814 36.157965, -115.315828 36.158972))"
University Medical Center,suburb,"POLYGON ((-115.175801 36.177232, -115.173613 36.177182, -115.17307 36.177165, -115.172869 36.177159, -115.172111 36.177158, -115.171674 36.177158, -115.171046 36.177157, -115.170395 36.177156, -115.169937 36.177156, -115.169822 36.177156, -115.16979 36.177156, -115.16932 36.177155, -115.169054 36.177155, -115.168528 36.177155, -115.168242 36.177154, -115.167913 36.177153, -115.16754 36.177152, -115.167069 36.177152, -115.166667 36.17715, -115.166526 36.177149, -115.165667 36.177145, -115.165539 36.177145, -115.164942 36.177142, -115.164201 36.177138, -115.164018 36.177138, -115.163842 36.177137, -115.163098 36.177133, -115.162999 36.177132, -115.162454 36.17713, -115.16231 36.177129, -115.15966 36.177115, -115.159072 36.177118, -115.158976 36.177119, -115.158581 36.177122, -115.156618 36.177134, -115.156429 36.177134, -115.15565 36.177141, -115.155351 36.177143, -115.1533 36.177159, -115.151965 36.177171, -115.151798 36.177173, -115.151471 36.177178, -115.151186 36.177182, -115.15124 36.177147, -115.151714 36.176864, -115.15236 36.17642, -115.152751 36.176149, -115.152861 36.176068, -115.153094 36.175896, -115.15343 36.175621, -115.15388 36.175264, -115.154036 36.175121, -115.154204 36.174969, -115.15426 36.174915, -115.154477 36.174708, -115.154612 36.174595, -115.154755 36.174466, -115.154929 36.174295, -115.155168 36.174066, -115.155476 36.173745, -115.15569 36.173518, -115.155958 36.173226, -115.156185 36.172964, -115.156454 36.17264, -115.156959 36.171988, -115.158449 36.169805, -115.158613 36.169496, -115.158888 36.168988, -115.159073 36.168595, -115.159362 36.168032, -115.15961 36.167464, -115.15975 36.167094, -115.159994 36.166391, -115.160044 36.16623, -115.160174 36.165803, -115.160339 36.165132, -115.160482 36.164529, -115.160543 36.164165, -115.160622 36.163503, -115.160704 36.162612, -115.160741 36.161712, -115.160676 36.159037, -115.161385 36.159028, -115.161587 36.159013, -115.161704 36.158997, -115.163003 36.158878, -115.172795 36.158895, -115.172727 36.16291, -115.172664 36.164127, -115.172651 36.166146, -115.172606 36.169163, -115.172588 36.169808, -115.172599 36.170384, -115.172644 36.17118, -115.172717 36.171715, -115.172791 36.172073, -115.172889 36.172445, -115.173071 36.172999, -115.173208 36.17343, -115.173353 36.173807, -115.173792 36.174636, -115.174201 36.175338, -115.17432 36.175512, -115.174465 36.175722, -115.174599 36.175911, -115.174894 36.176282, -115.175062 36.176459, -115.175801 36.177232))"
Desert Shores,suburb,"POLYGON ((-115.278802 36.218626, -115.264626 36.218331, -115.263058 36.218299, -115.260455 36.21825, -115.254674 36.218248, -115.251377 36.218217, -115.247302 36.218237, -115.246828 36.218234, -115.246797 36.216562, -115.246732 36.215264, -115.246453 36.213809, -115.245524 36.210188, -115.245431 36.20986, -115.245239 36.209137, -115.245215 36.209048, -115.245007 36.208085, -115.244867 36.207373, -115.244824 36.20706, -115.244808 36.20696, -115.244698 36.206089, -115.244681 36.205942, -115.244672 36.205826, -115.244609 36.205, -115.244598 36.204892, -115.244598 36.204796, -115.244582 36.204313, -115.244572 36.203807, -115.244572 36.203387, -115.244572 36.203285, -115.244572 36.202732, -115.244569 36.202335, -115.244554 36.201577, -115.244519 36.196032, -115.260366 36.196134, -115.260919 36.196133, -115.261405 36.196164, -115.261885 36.196249, -115.262329 36.196352, -115.263707 36.196734, -115.26408 36.196812, -115.264419 36.196879, -115.264808 36.196965, -115.266533 36.19717, -115.268141 36.197202, -115.268941 36.19717, -115.271283 36.196868, -115.271985 36.19679, -115.272682 36.196767, -115.273575 36.196761, -115.274865 36.196851, -115.275964 36.197002, -115.277323 36.19732, -115.278199 36.197604, -115.279159 36.197962, -115.280003 36.198355, -115.282395 36.199848, -115.28039 36.201894, -115.279984 36.202335, -115.279777 36.202628, -115.279492 36.203094, -115.279287 36.203508, -115.279081 36.204242, -115.278998 36.204868, -115.278802 36.218626))"
Kyle Canyon,suburb,"POLYGON ((-115.351452 36.322298, -115.351233 36.330542, -115.348995 36.332419, -115.348921 36.336164, -115.336106 36.336185, -115.320789 36.336209, -115.320193 36.33621, -115.319463 36.33622, -115.319409 36.336222, -115.314836 36.336243, -115.296256 36.336233, -115.286627 36.33611, -115.284076 36.336128, -115.278655 36.33608, -115.278592 36.32844, -115.278562 36.328347, -115.278555 36.328182, -115.278547 36.326561, -115.278578 36.32486, -115.278586 36.323317, -115.278576 36.322302, -115.278568 36.321367, -115.278567 36.321314, -115.278567 36.320488, -115.278566 36.319463, -115.278581 36.317693, -115.278583 36.317607, -115.278627 36.310192, -115.278691 36.310194, -115.278802 36.310195, -115.278882 36.310196, -115.279309 36.310198, -115.287491 36.310217, -115.287704 36.310218, -115.287704 36.310073, -115.287702 36.309116, -115.28768 36.308388, -115.288044 36.308398, -115.288567 36.308309, -115.290132 36.308305, -115.292871 36.308316, -115.294985 36.308313, -115.300508 36.314423, -115.302973 36.314105, -115.303954 36.314049, -115.304384 36.314044, -115.30595 36.314079, -115.30587 36.306683, -115.314946 36.306778, -115.333453 36.306255, -115.333638 36.306258, -115.333703 36.306259, -115.333833 36.306262, -115.333804 36.307769, -115.333571 36.308161, -115.333467 36.320896, -115.344979 36.321135, -115.345887 36.321158, -115.346954 36.321186, -115.34693 36.321752, -115.346937 36.322775, -115.346943 36.32369, -115.346886 36.324851, -115.346827 36.328669, -115.349074 36.328675, -115.34917 36.326782, -115.350277 36.32678, -115.350298 36.325878, -115.350306 36.32507, -115.35033 36.322646, -115.351452 36.322298))"
North Cheyenne,suburb,"POLYGON ((-115.24688 36.225644, -115.246735 36.247849, -115.242189 36.247873, -115.240011 36.247665, -115.242843 36.25086, -115.242376 36.251165, -115.242248 36.251312, -115.242211 36.251438, -115.24222 36.25186, -115.242226 36.252237, -115.242236 36.252994, -115.242237 36.253064, -115.242245 36.25356, -115.242249 36.253811, -115.242258 36.2544, -115.242264 36.254728, -115.242273 36.255322, -115.242304 36.256201, -115.242309 36.257413, -115.242321 36.258082, -115.242325 36.258323, -115.242331 36.258584, -115.242347 36.259343, -115.242345 36.260084, -115.242362 36.260793, -115.242383 36.261757, -115.242388 36.261986, -115.242391 36.263658, -115.242393 36.26394, -115.242408 36.264911, -115.242411 36.265102, -115.242413 36.265246, -115.242418 36.265572, -115.242423 36.265864, -115.242404 36.26645, -115.242423 36.268251, -115.242424 36.268333, -115.242438 36.269608, -115.242505 36.270502, -115.242521 36.271289, -115.242506 36.272699, -115.242504 36.272725, -115.242494 36.272752, -115.242441 36.272845, -115.242453 36.274553, -115.242452 36.274814, -115.242468 36.275398, -115.206531 36.27503, -115.206543 36.274867, -115.207178 36.261634, -115.207247 36.26076, -115.207253 36.260586, -115.207269 36.26007, -115.207284 36.259574, -115.207291 36.259286, -115.207295 36.259197, -115.207331 36.258435, -115.207351 36.257871, -115.207358 36.257202, -115.207364 36.257004, -115.207385 36.256314, -115.20743 36.254859, -115.207445 36.254153, -115.207473 36.253298, -115.207504 36.25232, -115.207529 36.250467, -115.207541 36.249103, -115.207543 36.248585, -115.207555 36.24786, -115.207567 36.246736, -115.207569 36.245126, -115.2076 36.243516, -115.207608 36.241803, -115.207608 36.241292, -115.207607 36.238765, -115.207612 36.237903, -115.20761 36.237811, -115.207608 36.237734, -115.207603 36.237536, -115.207596 36.237268, -115.207592 36.237107, -115.207582 36.236742, -115.207548 36.23539, -115.207521 36.234573, -115.207512 36.234308, -115.207482 36.233093, -115.207468 36.232738, -115.207461 36.231185, -115.207462 36.231105, -115.207473 36.2303, -115.207489 36.229285, -115.207508 36.228334, -115.207523 36.227001, -115.207534 36.226561, -115.207542 36.22586, -115.207544 36.224678, -115.207552 36.223904, -115.207549 36.2234, -115.207529 36.221595, -115.207501 36.221094, -115.20746 36.217286, -115.212018 36.217122, -115.216842 36.216986, -115.225827 36.216856, -115.227862 36.217014, -115.228268 36.217048, -115.228467 36.217065, -115.228929 36.217104, -115.229244 36.217131, -115.229919 36.217187, -115.230862 36.217266, -115.231057 36.217282, -115.23197 36.217359, -115.232652 36.217416, -115.235017 36.217618, -115.235403 36.217642, -115.235452 36.217646, -115.236111 36.2177, -115.236716 36.21775, -115.237792 36.217839, -115.238158 36.21787, -115.239046 36.217943, -115.239439 36.217976, -115.23981 36.218006, -115.240247 36.218042, -115.240435 36.218058, -115.242296 36.218202, -115.246828 36.218234, -115.24688 36.225644))"
Hughes Center,neighbourhood,"POLYGON ((-115.154358 36.114474, -115.15426 36.114548, -115.154946 36.116819, -115.155094 36.117731, -115.155114 36.12099, -115.155357 36.12111, -115.156011 36.12117, -115.158249 36.121814, -115.15945 36.122132, -115.15942 36.116599, -115.159558 36.116578, -115.160151 36.116297, -115.160219 36.11458, -115.154358 36.114474))"
Spanish Trail,suburb,"POLYGON ((-115.24314 36.09252, -115.248623 36.092473, -115.261093 36.092359, -115.277213 36.092693, -115.279023 36.09273, -115.279074 36.092759, -115.2791 36.092807, -115.279109 36.099077, -115.279099 36.099846, -115.279078 36.099898, -115.279036 36.099923, -115.278965 36.099932, -115.266935 36.099626, -115.263221 36.099531, -115.261115 36.099472, -115.257826 36.099504, -115.256979 36.099509, -115.253875 36.099519, -115.25372 36.099529, -115.253236 36.099538, -115.252751 36.099588, -115.252454 36.099606, -115.252104 36.099608, -115.247225 36.099642, -115.244975 36.099663, -115.243419 36.09967, -115.243344 36.099659, -115.243294 36.099632, -115.243275 36.099571, -115.243275 36.099488, -115.243278 36.09929, -115.24324 36.098128, -115.243238 36.09796, -115.243236 36.09787, -115.24314 36.09252))"
Berkley Square,neighbourhood,"POLYGON ((-115.151621 36.191967, -115.151429 36.188924, -115.147325 36.189045, -115.147439 36.190528, -115.147827 36.190518, -115.147901 36.192055, -115.151621 36.191967))"
Carver Park,neighbourhood,"POLYGON ((-114.977272 36.048736, -114.976767 36.048201, -114.977 36.047797, -114.976604 36.04744, -114.977343 36.047064, -114.976611 36.046406, -114.976118 36.046712, -114.975118 36.04616, -114.976844 36.044469, -114.976937 36.044478, -114.979865 36.047114, -114.977272 36.048736))"
Nevada Ranch,neighbourhood,"POLYGON ((-115.052839 36.106214, -115.05284 36.106198, -115.053161 36.106196, -115.05338 36.10639, -115.053741 36.106384, -115.053736 36.106206, -115.054105 36.105935, -115.054565 36.105583, -115.055238 36.105092, -115.053892 36.103897, -115.053847 36.103857, -115.053836 36.103848, -115.0509 36.101218, -115.050809 36.101181, -115.050695 36.101171, -115.050542 36.101235, -115.050401 36.101285, -115.050248 36.10133, -115.05011 36.101365, -115.050113 36.101372, -115.050116 36.101382, -115.049941 36.101416, -115.049773 36.10144, -115.049474 36.101457, -115.049473 36.101444, -115.049307 36.101443, -115.04916 36.101437, -115.048992 36.10142, -115.048867 36.101402, -115.048768 36.101383, -115.048762 36.1014, -115.048665 36.101379, -115.048667 36.101432, -115.048948 36.105997, -115.04893 36.10605, -115.049117 36.106106, -115.049311 36.106165, -115.049472 36.106227, -115.049604 36.106286, -115.04973 36.106348, -115.049839 36.106405, -115.049951 36.106474, -115.050071 36.10655, -115.050158 36.106614, -115.050173 36.106598, -115.050195 36.106607, -115.05021 36.106612, -115.050229 36.106611, -115.050244 36.106608, -115.05026 36.106598, -115.050287 36.106581, -115.050321 36.106557, -115.050378 36.106508, -115.050426 36.106466, -115.050627 36.106352, -115.050805 36.106285, -115.051041 36.10624, -115.05132 36.106236, -115.052839 36.106214))"
